pos_x,pos_y,label_action
0.033046136171340355,-0.01984809319843812,1
0.017539954133675616,0.06169977715492321,1
0.050021967014679626,-0.09266158762072534,1
0.045972018245376355,0.059343341712081256,1
0.019049095368302696,-0.017604729009623708,1
-0.014841278974211376,0.033503196593091804,1
-0.016469250926220612,0.01939383067214225,1
-0.07295416254695462,0.06981500095346972,1
-0.06082722248591352,-0.07475130973966887,1
0.09183130130226086,0.003077259769675742,1
-0.06442724768714482,0.09589424125714402,1
-0.04739296794414066,0.06580087000576011,1
0.07787725964845796,0.03024984176313568,1
0.01725954363900868,-0.05581185684120904,1
-0.024907006057146006,0.016954219075509428,1
-0.0006933134909258326,0.11603444979978557,1
0.02087822349597881,0.09886600608656866,1
0.04107613122343823,-0.04811320497318339,1
-0.007374407770485181,0.10398837904722413,1
0.06452874435532749,0.031599886964265744,1
0.04178314703698161,0.09730551257639597,1
-0.018895366476390396,0.012177392133519344,1
-0.04854678499908435,-0.016171620102374034,1
0.04729751542334408,0.02099193760739227,1
0.016383154372726697,0.039539997670312715,1
0.06823919691771461,-0.01679275159103118,1
0.016937301298852455,0.04110136126370265,1
-0.09054744481321726,-0.02395739214157068,1
0.06827954163694479,0.030271939344863705,1
0.02875918778677819,0.029489137435591617,1
-0.027413756465456292,0.051011537192111336,1
0.01934812355315378,0.010856057623617608,1
-0.01904442585676838,-0.04612726538862971,1
0.04610612415876597,-0.08848122818534997,1
0.08617603640316907,-0.014601141930679448,1
0.07326253764630829,0.004597805523361346,1
-0.01757413501335672,0.0052041205516548256,1
0.04199708590183931,-0.052241402410204245,1
0.0716145481889602,-0.0014917591920329315,1
-0.009232995754608904,-0.03806228510979927,1
-0.03414150488864769,0.019334147914612465,1
-0.01358408841968719,0.009867771375456025,1
0.006642792419929527,0.0010589040847910336,1
0.013334033740057968,0.053750357883189465,1
0.042634012706458606,-0.018158956247158527,1
0.08995647085153582,-0.07245036158005996,1
0.10169976912011994,0.015874201588826166,1
-0.03320739897355041,0.06850034157752603,1
0.07033112043501641,0.023428379499136853,1
-0.013997362845230546,0.040022381381031445,1
0.021171916361529097,-0.06562702775680794,1
-0.012563713819368756,-0.07654809588710738,1
-0.03261667857088862,-0.029930879167877452,1
-0.08291366747882949,-0.05759142275660767,1
0.02615258423864063,0.00663261693358221,1
0.05255484828380949,-0.011220301777440012,1
-0.11954789914808613,0.01576520753291145,1
0.03112379240997276,0.04321350927156925,1
-0.06431154111040704,-0.029058727295990967,1
-0.025368566526200488,0.041216526436310526,1
-0.01283992150226096,-0.04515353036169723,1
0.06080281170694956,-0.008881948903136106,1
-0.00577085231992555,0.057587900281914496,1
0.013128945730992547,0.02202886759535347,1
0.0814028648196952,-0.008111814393456337,1
0.09021568120888512,-0.013760522988630841,1
0.07422320638829538,0.0007510535917617566,1
0.027679245525344495,-0.07186328639094068,1
-0.007487762151592455,-0.029919386274356072,1
-0.012219538767023233,-0.020848148627097583,1
-0.035570504179846904,0.059597601476599364,1
0.02267626099801846,-0.07009904336507466,1
-0.04804268724485954,-0.05138388166929846,1
0.011515034058320188,-0.03511195388047621,1
0.02742602521203118,0.024294395981686687,1
-0.05811772479301908,0.04943033815278899,1
0.046120010578339345,0.014796661913168398,1
-0.018796991721838116,0.02107006720618327,1
0.04973907757995939,0.07695433380691599,1
0.005526910207233683,0.07013625965406715,1
-0.014862145663998148,0.05345858739640008,1
-0.005405404708350294,-0.01934099500275681,1
0.06470616626361735,-0.009076272457757339,1
0.04972845211374781,0.008507085040279534,1
0.005847036108416629,0.06778023088235709,1
-0.026196801182408594,-0.03796902128855005,1
0.03729600550723865,-0.09152713369144462,1
0.012869824836274213,0.04695925042513171,1
-0.04630601053507553,0.08943903929588565,1
-0.020197665913815454,-0.06628929209855751,1
0.12173006484422735,-0.039670009503756036,1
0.014809182893592239,0.030473142877614257,1
-0.005191947024393307,0.04009272741047376,1
-0.018029762327951466,-0.02190268187598335,1
0.09027026858388637,0.028832070540619238,1
0.0032458126434995976,0.0311677719296753,1
-0.01534261875487949,-0.05195381004019606,1
0.04790371703984886,0.012733806424930603,1
0.047934076719829216,-0.03838952070910794,1
0.02621517749120056,0.024569759512797603,1
0.061954105461335354,1.0153994693457546,3
0.01716540094114725,1.0521130433585848,3
-0.05227180623126776,0.991819615882468,3
0.03934793205976182,0.9882618356309529,3
-0.05502444460990341,1.0019446458022625,3
-0.03601096066408457,1.011280265522396,3
-0.03668865587496606,0.9811298750221012,3
0.026883347783087402,1.0119181683256893,3
-0.04898522631180941,1.0082597003859137,3
-0.002585792210509667,1.1064799381705979,3
0.01885128654150472,1.0467305775487348,3
-0.0422955339134036,0.9827591517124723,3
-0.037502133999701155,0.9667699601365042,3
0.008884480927212467,1.013459496126165,3
-0.08233356951734483,0.8777177783855888,3
-0.05805208531146599,1.0186449524298395,3
0.05688191562240178,0.9509755028136425,3
-0.029581705194589726,1.0618410772204936,3
-0.023595630350328592,0.993412005160698,3
-0.014083402646388974,0.9951995138539957,3
-0.028559478818552794,1.0345878548057745,3
0.024509275408011535,1.0161990712317308,3
-0.014753270094738358,0.9530065479897916,3
0.02369714628440325,1.1010631290924573,3
0.03993379888688571,0.9933831775847939,3
-0.03142633828234229,1.013297644010514,3
0.04183015521661859,0.9576650681965115,3
-0.009445801357956252,1.0741349943605605,3
-0.03376940725667837,0.9550435429160298,3
0.007229538931492025,1.1185205862746002,3
-0.007797079914834583,1.0340405116280362,3
0.03771715970593187,1.031527140723578,3
-0.09572729912504938,1.0955193276523958,3
-0.010533481015427455,1.032300857855266,3
0.021509435906325598,0.9539847096866373,3
0.03648780933514782,1.0272585929168074,3
-0.04956808272151758,1.050851507392027,3
0.022193872836679732,0.9622957022518186,3
0.08772919046418418,0.9195466393266511,3
0.04694942733286503,1.0252790984742937,3
-0.02492137853421865,1.0294961262435185,3
0.003916754329818808,1.0389677628003045,3
-0.0458447016976775,1.0139328884092382,3
0.00028783679554543907,0.9546946206261417,3
-0.06941791187876023,1.0225592301862347,3
-0.05852876910629273,1.1471560373346161,3
0.07023997996510725,0.9725186184661,3
-0.03283479690450808,0.9093669446459143,3
0.00376283310106268,1.0685520233420371,3
0.004075150627334853,1.0093265192351253,3
-0.03575338708519782,0.9529605302513565,3
0.062424834443409044,0.9448776156960015,3
0.023810214899364645,1.0533875977659939,3
-0.03678206096056212,1.0342855844985501,3
0.026901100167845877,1.0608698024935816,3
0.008638046656917343,1.0358409486024749,3
0.018435710966353467,1.0563057091795618,3
0.023328155342412102,0.9808465496752742,3
0.03735853287430331,1.0256754840347233,3
0.02441038381929506,1.0166564373898792,3
0.11284549112209606,1.028238548194463,3
0.081830982765391,1.0264511083520493,3
0.0008848799319463015,1.0860934809586773,3
0.03405245489067856,1.0012571919024649,3
0.09175099046021559,0.9687352222617152,3
-0.01573607164628758,0.991997795461061,3
0.018783660433865465,1.0799607166926128,3
0.04841467671126105,1.083775783460819,3
0.03653888058886606,1.016056471972855,3
-0.028642275360078136,0.9947031847004457,3
0.040355046283141786,0.9988246323154008,3
-0.04055771313701134,0.9625199498717649,3
0.07539373327926047,1.0037332494683984,3
-0.0766899854157646,0.9732335112406333,3
0.008895287968860133,0.993525229333536,3
0.003444625998854967,0.994974184787444,3
0.07232527837568811,1.1532405723679058,3
-0.03964361739470569,1.0302661930953614,3
-0.02150789540155374,0.939468142696324,3
-0.06894728037057939,0.9361359601104874,3
0.003153991840885136,0.9802217278775827,3
-0.024327918694526728,1.0065317930850801,3
-0.024188256976681352,1.0220991941589883,3
0.06523737546907336,0.9654004362138255,3
0.07843122395587182,0.8879517737574693,3
-0.05722411040094001,1.060427301968199,3
-0.006326038713169548,0.9741682177650722,3
-0.010815862914503144,0.9729033919113842,3
-0.07429659650293648,0.9298391438256216,3
0.07236131633178065,0.9669430363161887,3
0.036156019414910465,0.9780257595842313,3
0.04761893963265933,0.9831076226643736,3
0.019030168604809092,0.9591967046283644,3
0.07298462051497999,0.9435701054326203,3
-0.016421665670612606,0.9866845148633873,3
0.006599847908098762,1.1140271742989747,3
0.13667415253149479,1.023071478944071,3
-0.008841511045543511,0.9606109488377413,3
-0.054362274144650016,0.9720673781576195,3
0.02992130709460147,0.9998864215083126,3
0.012581927515673061,1.994224075846531,1
-0.01887032887218522,1.979051203300863,1
0.04354525764026124,1.9605835900294644,1
0.08535138924206571,2.0154994482167106,1
0.0026755537698752285,2.02888806196299,1
-0.016512949266413942,2.0418609994461074,1
-0.0004561696274899398,1.955831999336906,1
0.0007878676571960955,1.9859772621200829,1
-0.024235312012199948,1.9939226292767451,1
0.001166201436024939,2.0125330985986314,1
-0.06637458559533066,1.9650514015541154,1
-0.04187701555669187,2.0902764522351434,1
-0.07910903462810272,1.9414334322813,1
0.045718395132363594,1.9694478596083038,1
0.01312076135998534,1.9289013006575273,1
0.001086454597729284,2.0328553785086223,1
0.02824096383264135,1.9916194183161007,1
-0.079616297151972,2.0087446624402063,1
0.05966274777848701,1.9447058509915065,1
0.01701195848112541,2.0327266953201364,1
-0.004881016121024482,2.0849461109902996,1
-0.08901038135898282,1.9576800450941207,1
-0.04960449927373233,1.928292709763807,1
0.07815177565696374,1.9741419601487673,1
-0.008130190420486865,2.0485693665157068,1
-0.07340184293235485,1.968740695513673,1
-0.021998997151964857,2.002565793516286,1
0.02763109258789036,1.9739660693867072,1
-0.08813553078972781,1.9930024605578436,1
0.041781088456423573,2.0159814219777883,1
-0.01522918257848455,1.9809677048109668,1
-0.028355614381777278,2.0465232159373166,1
0.002358118600721174,1.9617384093705879,1
-0.05100987882640867,2.0109361290782086,1
0.025840420919583853,2.0371841566578337,1
-0.03590946955645757,1.963455294899552,1
0.0833942643898989,1.9639952343298044,1
0.014769942407441889,1.9682781344728895,1
-0.032227352524359314,2.0869455253923346,1
0.0026415328601634945,2.003013467362633,1
-0.015207589951044695,1.9655210438039432,1
0.03582453787623012,2.02145571786976,1
-0.030807060365987002,1.985474170197428,1
0.03475267491079611,1.9767028846736883,1
-0.01168737090949598,1.8866101009304401,1
-0.1002985989425381,1.9883259051799862,1
-0.03639913016525596,2.1128991487682915,1
-0.0756344557644218,2.0520870836373226,1
0.07095401885809284,2.104939246662454,1
0.004439453018431202,2.0053093498049113,1
0.06036641512334943,2.026926054358418,1
0.041335707116802706,1.9720974239706852,1
0.0941309040865755,2.02643742733592,1
-0.030691724188599986,2.0738687093875336,1
-0.047846975664084884,1.9825594139012277,1
-0.06565282328162746,1.9406039797763248,1
0.025826652118607924,1.9555048249295364,1
0.048029626283724064,2.0015938460009455,1
0.010701434168205015,2.0089448880789043,1
-0.06029610159438947,2.003783384671431,1
0.12754632754276238,1.9530339577097406,1
-0.011349966973723952,1.9275748370894152,1
0.013903688810229185,1.9050238957456176,1
0.003224319447459526,2.0542805361296503,1
-0.004827145379615202,2.061493286964138,1
-0.11236050571570905,2.0036494773943856,1
0.00897034456636646,1.985928082976449,1
0.010812723196998098,1.961138519503991,1
-0.005058649331029912,2.056614147057736,1
0.003887471123550149,2.025471964437317,1
0.022396184541937286,1.943072143402622,1
-0.018582251105033754,2.0091240575391374,1
-0.07984374034732411,2.088135721644724,1
0.019651180679734998,1.9495076083673326,1
0.09493691526140027,2.0697744704323444,1
-0.025359709287288257,2.0543716493344975,1
0.06654927960295039,2.0793981468640537,1
0.001676715971073723,1.9519227279970597,1
-0.01931137077987781,1.9262543361614732,1
0.01336522126907967,1.9743829372364068,1
0.03336400899661689,2.0234419584839616,1
-0.0813599338472934,2.011881508971555,1
0.005877082963656438,2.087620273729648,1
-0.010138605691958742,1.9653600374144038,1
-0.027519358977331928,2.054694253956315,1
0.08206470835305021,2.00089957744046,1
-0.00045570975616781207,2.004650761698337,1
-0.025602293792811516,2.037435351118817,1
0.020597338357641926,1.852811448361174,1
-0.023633253733300826,2.0325663092012807,1
-0.039762363331532304,1.8901097564614617,1
-0.045275662020474686,2.004774186421474,1
-0.07866064738944825,1.9837340772282157,1
-0.030600456048783475,2.006873155414079,1
-0.04148942105541292,2.011258792879615,1
-0.02828155430245396,1.9864011679869267,1
0.02572013377746661,2.0008234148215798,1
-0.04451889479304972,2.039074750752803,1
0.013859038104839495,1.9745835508687675,1
-0.08651180441793999,1.9762146446245288,1
-0.029879365088709076,3.006261420956576,1
-0.013745972493272232,3.058301262175142,1
-0.019456804271915092,2.942964625304347,1
0.023308872599161208,2.898410241054577,1
-0.03365461527168744,2.995945081064948,1
-0.035164967134781115,2.9472394607108874,1
0.054970235656019974,2.989134525455644,1
0.10237704532150389,2.990760486330938,1
-0.05238690632869258,2.979327529710569,1
0.02575144055828664,3.003709353820612,1
-0.023150895598606502,3.0049331726956034,1
0.045630224608982896,2.984032554703562,1
-0.032096226492826556,3.0084765658456054,1
-0.051257558117940305,2.9429531453092936,1
0.05250413569271104,3.0611219755239563,1
-0.02862202361119502,2.970494566501651,1
-0.015855696840766594,2.920166722595768,1
0.03998747572731682,2.9912240384813336,1
0.022820652120242563,3.0311366960784563,1
0.1048982911688783,2.990082353380313,1
-0.03926810270167056,2.9465845958607346,1
-0.05276351610527356,2.891448035670722,1
-0.03443494599366972,3.025764607950942,1
0.05681440382485702,2.980294651472863,1
-0.015254685413019298,3.005484445548031,1
0.016903908966645495,2.9676698952251086,1
-0.02673983394650664,2.9763251210548196,1
0.02114302416607133,2.957370555223985,1
-0.012506499352754297,3.0438899580827883,1
-0.03297448839831261,2.9646003936837566,1
0.009451410529413874,3.0254945574260708,1
-0.0394764445714816,2.971905062898603,1
0.008616599154595771,3.051055923190334,1
-0.0412473236504782,2.975220584924703,1
0.016736181617061172,2.8966627542002357,1
0.012877452373451385,3.0019905941174656,1
0.02951134059781362,3.0828121497334466,1
0.04769691621590147,2.986526006117153,1
0.12187013014881705,3.113569949872807,1
-0.01430130688329507,2.9684841027451845,1
-0.02443460544294599,3.0483169109007533,1
-0.044307066224192046,3.101706799581963,1
0.01853359895241546,2.9614343098152167,1
-0.02418748967063422,3.0295228806849255,1
0.028464472784633002,2.922959902576338,1
-0.018032297287253668,2.9795940787767043,1
-0.06433581121002392,2.9558308783386846,1
-0.0831813215688064,3.039497049984362,1
-0.056631861234567926,2.9457087220948415,1
0.06040518520693299,3.029186790114917,1
0.07739623436858062,3.026366094060106,1
0.08341302861160442,2.979950141699183,1
-0.05699762080937796,2.9531863160489458,1
0.08327746079228264,2.974308055977709,1
0.042437026367665706,2.9515469189821397,1
0.025386727450738313,3.0258434078552026,1
-0.03961059368696872,3.0308740041690134,1
0.0006325291619121127,3.0737903961881616,1
0.06134200642255926,3.0022635639634623,1
0.014235425377973347,3.0738603504905475,1
-0.0624485321645905,3.053275580038457,1
-0.0668690550929973,3.0276678607251943,1
0.06186068482167606,3.0436500377537223,1
-0.07416562013725965,3.031169036689825,1
0.09634661461445626,2.98779988113781,1
0.04201749833759132,3.0062275961166627,1
0.0004765579824665849,3.0218641482301094,1
0.0572372737902758,2.9481533667391355,1
0.00563568785900786,3.0323345704150855,1
0.03256317933339395,3.132755434030508,1
0.031601086464796736,3.100467642999344,1
-0.06389879637941086,2.9586088550384404,1
-0.07473408350764588,2.9834285378826606,1
-0.04600062768206104,2.9890421724187157,1
-0.011501689554728271,3.005217727929099,1
0.006432640047184808,3.025069165291329,1
-0.015319297939451741,3.0002247859603473,1
0.06392812147773291,2.990480777527944,1
0.06856817719853285,2.9973022961527365,1
-0.011204529084241917,3.0552631062777977,1
-0.1021599777923422,2.9999602162978407,1
0.05061339428708134,3.0263703358426075,1
-0.01690397158377135,2.9953635825221254,1
-0.023547140532228984,3.1652639957567645,1
-0.0627965718933472,3.0318580116083607,1
-0.013344880937127396,2.9897341552194896,1
-0.040303486841288975,2.9915472711905537,1
-0.004977162600091987,3.0380380658090687,1
-0.0891931563428604,3.090803995434013,1
-0.043450629155602404,3.0646785307684627,1
0.024444321399257826,3.035030701674384,1
0.03982309954295471,2.9465816462191543,1
-0.02101586684866115,2.976257030871453,1
0.014214613085387566,2.983464854029797,1
-0.08962973421459446,2.97089102829443,1
-0.05223682404746269,3.027486879203831,1
-0.006372169454686863,2.9914483411588457,1
-0.017317924020421583,2.97755531538682,1
-0.009499151479022777,3.0096953468401804,1
0.058986178731048014,2.984867745816952,1
0.02363077085863438,3.966031158001449,1
0.03274184947075401,4.00228248701389,1
0.03850158291443202,4.010690175644634,1
-0.11190974859033172,3.9515926110968618,1
-0.07119434551319756,4.048000549710962,1
0.03862963022267005,3.977677071944786,1
0.009777649677980041,3.9975872854940246,1
-0.0076037999025344236,4.0292262148544244,1
-0.06663095183378885,3.9351124556522454,1
0.014502945626287171,3.9270675742805476,1
-0.07079335042534722,4.050022831338415,1
-0.002938439780855822,4.047995894114352,1
-0.03741763545053158,3.9960428648171114,1
-0.01806260262271895,4.010552664752645,1
-0.006599173089639245,3.912716689754465,1
0.02863228982529264,4.002078833178369,1
0.04370909350423902,3.9854297293873957,1
0.16403812098859524,3.931740661489998,1
0.05522172923904785,3.9537961045682257,1
-0.020127859947036822,3.9742113415962836,1
0.029498447115905192,3.9149068344173386,1
0.0976581799615407,4.0018198179581885,1
-0.04343738293672307,4.06790558688166,1
0.05707363389583309,4.046466824427887,1
-0.12690613225161415,3.8716685985752317,1
0.11256193764132483,4.014882437911252,1
-0.042130248142773476,3.9863173542977486,1
0.06084600726933506,4.0982908057750205,1
-0.06385171852365122,4.037138962044914,1
-0.013051198588515906,3.952515520326487,1
-0.07997381425168909,3.9861217153980673,1
0.013443306251469939,4.041302734709008,1
0.07696304515054304,3.9829803785986257,1
-0.013853476738315449,4.006110380779733,1
0.020761006707930782,4.055186918116263,1
-0.09857046832181823,4.093224621238774,1
0.06035383372564468,4.090542712380516,1
0.051834145052194226,4.022663754765307,1
-0.03870981560298018,3.9527483173810287,1
-0.07740099753782062,3.9475707388627654,1
-0.006122994036406652,3.9958604305501604,1
0.0004880503060362385,3.983638946857748,1
-0.013893204856242425,4.020970543169842,1
0.013603269023557735,3.9440337110543457,1
0.06210037942150633,4.048026037215001,1
0.03437751966867494,4.069571997622581,1
-0.07888414472918577,3.974487690172005,1
-0.03751510571175923,4.004415019709465,1
-0.03674323883370512,4.004988072313751,1
0.05943004679097367,3.9665370821325108,1
-0.13307626179094506,3.919905604483626,1
0.013913945394014395,3.983999770974075,1
-0.046506231793354225,3.99686210628736,1
-0.08596607599256606,3.9250474686978016,1
-0.01577201774671137,4.000954531182741,1
0.006068520901847756,3.9375805889956457,1
-0.04759535663699021,4.005409883798579,1
0.02248657957352814,4.0791741650377205,1
0.0353427111673438,4.022291346024527,1
0.0033043491307232255,4.025583630508309,1
0.031242239021739893,4.026991150276982,1
-0.001258468539101919,4.048045371099379,1
-0.05599677217757473,3.9769589417888316,1
0.017106515764500767,4.085229475181578,1
0.02624730305198544,4.022854497923259,1
-0.020452965717944385,4.014221961860268,1
0.00536920418615673,4.036460018333715,1
0.00772635114251018,4.052098321267637,1
0.033918520975948586,3.9413000309722244,1
0.038533286612937194,3.9406769757019817,1
0.08438969339873627,3.8981393210773962,1
-0.014674044310856206,3.982870176831683,1
0.034151735878549215,3.992289875805543,1
-0.031978774748930315,3.95154748894723,1
-0.05823537454236682,4.018857437926026,1
0.05405559623073826,4.0808706046837955,1
0.014727937140007622,3.939629765841032,1
0.037989467266662184,4.049436937931997,1
-0.058135097926342486,3.988239286502447,1
0.11904291213432804,4.0074007388964175,1
-0.003114732962296047,3.9967959189802826,1
-0.06737851469733623,3.9681648907224614,1
-0.0010854470431139174,4.053909327200456,1
0.06354723889774767,3.887468751463321,1
-0.04212526059064302,4.008342718835702,1
-0.05466439601898219,4.094177563874044,1
0.020255140483738856,4.013707117432161,1
0.007572518542107082,4.097006950591927,1
-0.053082496180133734,3.9497650502969086,1
-0.06564384730722582,3.8826129462281442,1
-0.05156848735109856,3.8986311666192717,1
-0.08135327557776448,3.9840270475960864,1
-0.015966355271566604,4.030285941222026,1
0.057931380753269195,3.937002647233991,1
-0.0004566759105303909,3.9231987624935414,1
0.004224004169037627,3.9380569270040464,1
-0.06284627038769211,3.9670356921224186,1
0.05413041023625653,4.083008076122674,1
0.010683991243564383,4.013983535533059,1
-0.06770855526892772,4.0560230794297025,1
0.9995913400159071,0.0021878819340405953,1
1.0738756218182937,0.01609782755586693,1
0.9640175616259106,-0.010006363534716374,1
0.9563488716703296,0.025145840231998385,1
0.9435267719056832,0.024527582998833803,1
0.9781548283212324,0.01913018784811647,1
0.9633730617223979,-0.02445231148723308,1
0.9442844512643656,-0.044381530326944606,1
1.0590465590784894,-0.016410891870661977,1
0.9762662044996024,0.03911473874236896,1
0.9448687843160166,0.02620979459660157,1
1.0200650425077327,0.054904958853178934,1
1.0803919321318687,0.05695517887108138,1
0.9368407542944864,-0.008186600130615423,1
0.9833697675910775,0.07408732812083607,1
0.9486236387611982,-0.09649326623043045,1
1.0241399705033105,-0.048052072164737725,1
0.9817689520181051,0.052934929263795075,1
0.9921269145279804,-0.0282518976732285,1
1.0313792131303454,0.10758805985110212,1
0.9987584853366049,0.006470836264511559,1
1.0689060875849619,-0.0684648149590442,1
0.9329014632400119,-0.021115077263621107,1
1.0334628618063118,0.012666896713292347,1
0.9465028263984615,-0.11949556309984198,1
1.0313836422626634,-0.07480252544019882,1
0.9690091293969687,-0.010110923739247366,1
1.059325025324586,-0.034222370016915346,1
1.0141841814334323,0.0607072546432034,1
0.9755258181599,0.0049504471642612385,1
1.017250345856713,-0.03651432962624159,1
0.9964799678435307,0.04123824961747206,1
1.0037404575514473,0.01093740159429589,1
0.9724770212647631,-0.025345280946340254,1
0.8909736817813774,0.02054481948446828,1
1.0379796286624106,-0.009879058954638715,1
0.8761264470179553,-0.0072269235620970864,1
0.9665888412835562,0.007414081429516105,1
0.9927063533999182,-0.014798920858040358,1
1.0560576707447173,-0.0893488951513605,1
1.0652279967681417,-0.01059359932305253,1
1.0269496982714041,0.010267846714725068,1
1.004440288242494,0.012256982698606552,1
1.0024538498148012,-0.03710034839525355,1
1.035715827099967,-0.08817587387817949,1
1.023432051313227,-0.026823180070412695,1
0.98142236243599,-0.031070197863464336,1
0.9753760032626319,-0.0853019614984643,1
0.9604967648797,-0.04370482436641686,1
0.9876639312482419,-0.015294603598321533,1
0.9400325256622114,0.050608914395981544,1
0.9936721174060249,0.04506073648338785,1
1.0017900449709995,-0.07729139027361381,1
1.0129166039924782,0.034055271504300516,1
1.0122768284513737,-0.009571160476407936,1
0.9961165935571153,-0.10206177445294917,1
1.0711572444086463,-0.02041551107004703,1
0.9065340281270318,0.054882490662543984,1
1.0317544362048223,0.01896826217886094,1
1.073463233697312,-0.0437961125119204,1
0.9337676795834775,-0.020604505263325343,1
0.9179414947890326,-0.13058511185020755,1
1.005927393968508,-0.08407761936069633,1
0.9770413395549333,0.03969336519656514,1
0.9790288851751857,-0.030058926124150072,1
1.0058438711312314,-0.010191742218126468,1
0.9686247025157102,0.055722982666278356,1
0.9677352771848496,0.004886792089460471,1
1.0031374788733602,-0.03360158600166852,1
1.0902121226048105,0.013792607476866461,1
0.9545352510850043,-0.01577123470196672,1
0.9833840069017104,-0.06332861817531725,1
0.9166060455868259,0.033909769708158295,1
1.0090760497874123,-0.05453488803682103,1
1.0308258559639016,0.06981321360834429,1
1.0208633377083816,0.032259263133312566,1
1.015349482538383,0.022390838494554696,1
1.0177386077847268,0.009954092092544772,1
1.031143927586718,-0.02398604305561311,1
1.0191312275433946,-0.07464227773802422,1
1.0115069407288408,-0.044650191984861975,1
0.9847259314378034,0.024148083939494427,1
1.0584729922202012,-0.06958897531899792,1
1.0518646173639317,0.05816853170825631,1
0.9757641611860023,-0.03660118128883274,1
0.9566897307132414,0.006741505156133989,1
1.0239552254429376,-0.022345472274419863,1
0.9849908494993002,0.05240120452626456,1
0.9696198440592295,-0.016685021696288035,1
0.9088117073508489,0.0045381510140836126,1
0.9940721501013292,0.07829302891284179,1
1.0721191230412668,0.01785749127494451,1
1.030692554691182,0.026067245164197478,1
1.021039465653446,0.05711968008521895,1
0.9676183038271984,-0.11532117614683897,1
0.9559647899635852,-0.06922414566245462,1
1.136476124266157,0.019434605944894757,1
0.9911705165060255,0.061183799748604065,1
1.045554509017974,0.04236096702167769,1
0.969047353833705,0.000812275200629707,1
1.0738927236099223,2.0142853999113473,1
1.0366981072114994,1.9999537178667435,1
1.0872393976482975,1.9417477995859975,1
1.0647374389155433,2.0710757769476484,1
1.034062986602175,1.9346967279478857,1
0.9537682569291539,1.9457667019160427,1
1.0127023656605563,2.042668954174855,1
1.0685689178590585,2.149304162139952,1
1.0664735151188194,2.087662137152545,1
0.9530337821819523,2.0424564764124757,1
1.0066129866847167,1.9665819499691684,1
0.9924789924840222,1.9989253806573186,1
1.0101144552194696,1.9423712524337327,1
1.0511886852786025,2.0901090231487247,1
1.053678950881617,2.0026939628412297,1
0.9304168754677544,2.031452759199998,1
0.9838691688143323,1.983682114568355,1
1.01146759101945,2.0428702417642923,1
1.056761851319714,2.022119167754605,1
1.0496687471333104,2.0117839125661727,1
1.0180617614194525,2.076700393602517,1
0.9518220197576921,2.0863549143701206,1
1.1122631943790073,1.9266942208860711,1
1.0162841324407539,1.994998822436556,1
1.0079661388615622,2.0269325069277886,1
1.0113564144782055,2.021638262893594,1
0.9887153718525952,2.1425551318330744,1
1.0494643454331471,1.9790774927976074,1
0.9572094607158392,1.9935973344800855,1
0.9128087790708991,1.9790386146028247,1
1.0032301760752835,1.9464475385887685,1
1.0591768247069973,2.0612471321334844,1
0.9566278599269874,2.005747747864384,1
0.9833819968353336,2.0404063705741193,1
0.9773089997901286,1.8740574741203095,1
1.0526758804538408,1.9918325764226608,1
1.0149245550338473,2.012019618320316,1
0.9582411322088722,1.9554654229001647,1
0.97469646853107,1.9346399503892249,1
0.9402172609623838,1.946719869860714,1
1.0003056266435708,2.0100854340443046,1
0.9596036968817926,1.926175287634484,1
1.0440315988299105,1.9877224736215793,1
0.951308697489249,1.9768749304102744,1
0.8976364427546843,2.0252304394882863,1
0.9328626322680098,2.0460354027966017,1
0.9833104667562845,1.9924738739343673,1
1.0133786489577914,2.014490508923642,1
1.0581642209343405,1.9213594443904862,1
0.9635385158531179,2.026740669815082,1
0.9585698371484014,2.0945579041187914,1
0.9716716654687877,1.9587474353382912,1
0.9694457138041674,1.9809246569853272,1
0.9984475233475502,2.018465869416956,1
1.0231760899027778,2.0099188808374673,1
0.9562378888005182,1.9865504749446778,1
0.9931986410864395,2.018752238386772,1
0.9737164724062176,1.978030581692906,1
0.9518404890985576,2.0124044527646703,1
1.0234330066748483,1.9628403708871454,1
0.9443644659466836,1.9858382545652222,1
0.9996158989461217,1.9554902541094665,1
1.0294699586899436,1.9873983103385056,1
1.005615186804087,1.9145516155068927,1
1.0647735536990148,2.0361169764115683,1
0.9684521035312603,2.033649768612139,1
0.9923071529807841,2.081161487747929,1
0.9950129046262747,1.953232491362985,1
1.0210427610842034,1.999995834986332,1
1.027524624911227,2.022639922442418,1
1.0853711967496293,1.97741896511236,1
1.0467992527306096,1.8667950744099475,1
0.9859282650106443,2.0011315222577295,1
0.9997540284634479,1.9627340306005703,1
1.0497852596428439,1.8714303918715867,1
0.9966447906485397,2.0497090118514807,1
0.9785394903407345,2.079337719114765,1
1.0580643655326347,2.045630144290489,1
0.9909628215515754,2.0273382872683197,1
1.0114976002350375,1.9508407667895489,1
1.007003415566347,1.9560892356214927,1
0.895674248530763,2.0187205801491825,1
0.9721356120008561,2.017192286767493,1
1.0352613529309473,1.927982676960575,1
0.9958979120062327,1.960852526164286,1
1.0439514682209088,1.983330036088616,1
1.0327451729411388,2.0312034409291613,1
0.9482843516981094,2.055098531671544,1
0.9754739185896212,2.013474372189368,1
1.0116311749254954,2.053732671668584,1
1.095059271968664,2.0437402428348594,1
1.0259427382513837,1.975931687465841,1
1.0232403713985967,1.935951556006161,1
1.0650616903621957,1.992977371245491,1
1.0410059218765964,1.9985793551091076,1
1.075063511776151,2.0863156874245856,1
1.002902166425727,2.0376199114240814,1
1.0539634096258252,1.978251094706754,1
1.0852513795659322,2.0029351347947935,1
0.9518421090067789,1.945479412190443,1
0.9988268380245173,3.0270116151345827,1
0.9787097460129086,2.956935445616907,1
0.9648904467198027,3.128096485867738,1
0.9135638392300695,2.9333318914034656,1
0.9426273897555675,2.975044015221102,1
0.9223230754139482,2.9008985835667276,1
1.0351973341435499,2.946185783098532,1
1.0051072533141931,3.04710166085021,1
1.0752778982937303,2.965415923066415,1
0.9984524476054594,2.984716500325297,1
1.0210043951174992,3.024116303261115,1
0.984295485636737,2.9773149772465,1
0.9905580020694811,3.011890446881237,1
0.973937467623963,2.9953179185083756,1
1.0693363174297028,3.006548601413299,1
1.065329414287198,2.9752635840060404,1
1.0205702755074895,3.047744240632499,1
1.003013909800484,2.9424378853018145,1
0.9671295371520477,2.9641365279606515,1
1.0106116397472675,3.019238042818766,1
1.0297057117515007,3.0086830945545033,1
0.9688085844547308,2.995599771445751,1
1.0927698270166175,3.049170451963182,1
1.0064929248715018,2.9044212404790812,1
1.0488982117954417,3.02411062202541,1
1.0055282624030262,3.0564337959186387,1
0.9634638620061536,3.057369680166863,1
1.0319937086210305,3.0627664282828704,1
1.0861998457796773,3.1010686514913473,1
1.0086778894018824,3.1097093073767996,1
1.1074030163380257,2.98319897259291,1
0.950174186360353,2.9403243609972916,1
1.0465587475439488,3.0064249488959374,1
0.9381889522637971,2.9782027309700467,1
0.9882982214672078,3.037808681421987,1
0.9117160912809842,3.0749877947282496,1
1.0075528651548906,2.9885633210730043,1
0.9632775696529499,3.0011632116587514,1
1.0483901337787536,3.0098715256936237,1
1.0550648589070257,3.0072912861433134,1
0.9690428776319465,2.9224918034657192,1
1.0317931805241702,3.0017081078210746,1
0.9688574953656726,2.979482102490523,1
1.142713874064185,3.027264207015897,1
0.9225128164223275,3.0524125492987078,1
0.9799745773623592,2.958960334769306,1
1.042796078565185,3.045228904482265,1
0.9246098800866803,2.949734897404377,1
0.9628568261406616,2.961692169415687,1
1.0516378437757645,2.988860643337181,1
1.0558287333812812,2.90402783704752,1
1.0813204082366108,2.958502310869278,1
1.0341591510074368,2.946691722168381,1
0.9950366359720627,3.057089202328844,1
0.926174209096728,2.9798389112202908,1
1.1114452798224475,2.9147455179570647,1
0.9434160132414388,3.0426903043472824,1
0.9793762995122774,3.0707794191694413,1
0.9772575910443103,2.9949279615599664,1
1.058475973606476,3.032356349810563,1
1.0151760802865721,2.9965284701455777,1
0.9569596803093341,3.064039811869569,1
1.0873722272971107,3.0302775521143794,1
1.0096196472906211,3.028635923631917,1
1.0104182225569363,2.9856979753830735,1
0.9383532727547593,2.9210054931902834,1
0.9770308640737477,3.003035978544926,1
0.913775718833134,3.041548870041204,1
0.998279136457155,3.0131495427979793,1
0.9964320315651963,3.027699693159901,1
0.9911522472187185,2.940365869674314,1
0.8964716350208264,3.059157830075212,1
0.887234772504117,2.9936155496647605,1
0.9794570726455716,2.9501415283010615,1
0.9755396582220647,2.88586823882953,1
1.01911680432657,3.0711456916673083,1
1.0232518623445082,2.965646026370556,1
0.9844103457829094,2.9211932674518146,1
0.9928024496671796,2.9262795408471707,1
0.9569604617054821,2.969253694646823,1
1.0536607442300332,2.995860402443922,1
1.027219276485908,2.942526851578447,1
1.00715793451714,3.017270748623471,1
0.9778306576978841,2.9834554394928845,1
0.9984399301965213,3.0121328325224703,1
1.0092305805695498,2.916931175375572,1
0.963391652680104,3.114804162344134,1
0.9570675907066347,3.0512137015144605,1
0.9938656480211003,3.041603836327199,1
1.0468424319485963,2.990093205447141,1
1.0961308281784579,2.97236862701407,1
1.0159062390444313,3.133824070103332,1
0.9927657671372307,3.0247590603940275,1
1.0130316366194643,3.0238367108286073,1
1.0033310255119559,2.9572494812387986,1
0.9688721224981693,2.9925184456292224,1
0.9977095474616201,3.0713352581250164,1
0.8908143939471658,2.95070278339631,1
1.0204555039267884,2.995513875534152,1
1.0624033118097014,2.9945597227288694,1
0.996290830736602,3.934788596436177,2
1.0420057902480035,4.086955414468232,2
0.981128093664241,3.9159513860993,2
0.9942080240749097,4.100157120144926,2
1.0244100799516584,3.9652636969414483,2
0.9814989668003096,4.0544696225605,2
0.9529568282275388,3.9185056831699576,2
1.0640009766612961,3.9455536654255563,2
1.081713266693515,4.029077208142514,2
1.0872680842238425,4.026967684054577,2
0.9651681201242407,4.0447535733559095,2
0.9555735475937068,4.033190396258042,2
1.0156311162494014,3.9844885055912047,2
1.1330071973996516,3.990097602901666,2
1.0672456057607205,3.986128940491658,2
0.8656048522702952,4.0699060345766105,2
1.0322667693233414,4.021894183234621,2
1.022684123785392,4.095149362634407,2
0.93534637775174,3.911587157443021,2
0.9271997732568795,4.006494386538202,2
1.0096758935994048,4.070253333330365,2
1.063493278651569,3.9689647241018458,2
1.0119481900129716,4.025481103434251,2
0.9602009208318961,3.968410825959779,2
1.044123455232732,4.053111905306428,2
0.9707871420982521,3.9831426025014856,2
0.9491232240854023,4.0349591571386645,2
0.929742614399741,4.019227263786573,2
1.0573151438312933,3.9784272615549083,2
0.952057925164118,3.9605036001034932,2
0.9744600610435994,3.981424393118121,2
0.9922308485610852,4.029426112948283,2
1.0375384442136188,3.964873400649416,2
0.9249272360257075,4.024794900485829,2
1.0131215247183134,4.023763975193747,2
1.011503474947623,3.994771695175536,2
1.0124865285283589,3.9798962007569605,2
0.9878131099302254,4.004597523855506,2
1.0139513356569951,4.0171683082668945,2
1.021114510594046,3.9796325449720644,2
1.0585797393173495,3.9610320692648755,2
0.9446757058150741,4.041278027785721,2
1.0042733651688769,4.0081773710593955,2
0.9971717340194286,4.039608567831955,2
0.996418287180413,4.0443908434360685,2
0.9737057163138855,4.0586577377028155,2
1.0272041559372211,3.918588451206978,2
1.0540981558004865,3.9525315558057357,2
0.895615519331511,3.980870908916154,2
1.0026861178305206,4.076391420944811,2
0.9790630907858775,3.986965723129185,2
1.0179770592802806,4.072072703173446,2
0.968995930003021,3.97289506304824,2
0.9588242718547872,4.071538145358387,2
0.9907715252415417,4.063352681394414,2
1.0323825332352965,3.9057322482889534,2
0.955012004781313,4.087023485075392,2
0.9908738912640106,3.9473372762908743,2
1.0137315417152033,4.006579694931074,2
0.9358275334661742,3.992348862243673,2
0.9886396248958446,3.973222655734382,2
1.0489237011647912,4.012583662009314,2
0.9881637122934983,3.987809418370902,2
1.006743422614391,3.9569819260402226,2
1.0695433651403994,3.9568888861022256,2
1.0532309960240536,4.019495936407885,2
1.0180130333979431,3.9309731802524643,2
0.9309406408499765,4.046742071711583,2
0.9799564558957656,3.9750929577496787,2
0.9058319679306672,4.036574352943575,2
1.0533065173343787,4.016974053455841,2
0.8921133873142615,4.05064185961053,2
0.9887819530194835,4.11410876287323,2
0.9703619128420023,4.021689619309806,2
1.027681215924623,4.022017874571332,2
1.013592575949961,4.027425822337927,2
1.102336344217615,4.006570859127039,2
0.9680187620901832,4.080011969196263,2
0.9687058238068048,4.018541276555735,2
0.9488491963302592,3.98033780088546,2
1.01606209833598,3.988772089959829,2
1.0052784415776967,4.033035769649213,2
1.0408658596715403,3.9066019658915434,2
0.9577854940313708,3.950530232928798,2
1.0636971916478586,3.9492876894257076,2
1.0292594281594156,3.9753784352576322,2
0.9556759549048874,3.94633554654271,2
1.0507162711803957,4.068840955383101,2
0.8937011939179588,4.02652019166558,2
0.9919733467099182,3.9113389896975423,2
1.0349017379160554,4.07556360544939,2
0.9827723153098816,3.9978489858147466,2
1.0294270668838097,3.964952978451189,2
0.9897426488155949,3.971113706994149,2
0.9788276317617698,3.920184627594188,2
0.9634734256514647,3.948356321324974,2
1.036102812374042,3.9061137754856756,2
0.9836364405406927,3.9831694762531664,2
0.9551892736889591,3.931604483113766,2
0.9855266665734901,4.014299798314253,2
1.9805569222188595,-0.03536626652846794,1
2.010838091894927,0.05988524245013676,1
1.965918158976089,-0.007344199417142335,1
2.069666713604137,-0.005984178748435364,1
2.0567767659693237,0.012393401678266396,1
2.0259230669222124,0.0630130265322233,1
2.024180526893275,-0.09387869410363238,1
2.0073480065556892,0.11646019944405034,1
1.999919029104546,0.0004783116574083766,1
2.0699466340974695,-0.05543093876066969,1
1.9847459020892346,-0.0043199624144323965,1
2.0205231209807377,-0.06275174319323139,1
1.945755745559561,-0.003671289734476883,1
2.023675206144055,0.0219696156737582,1
2.0265601648272793,-0.023365421423393602,1
2.0853762415350383,-0.06438712151617139,1
2.0868987244120305,-0.005947127192933304,1
2.019084889208434,-0.00209569775090263,1
1.938733859402255,-0.03173264827414148,1
2.0642561099511245,-0.11097540832449414,1
1.9867263439039133,-0.0030263108309942174,1
1.9490050728343409,0.010846922590849468,1
2.074878625488749,-0.03207313833760222,1
1.9985734376508757,0.03875044638712065,1
2.006953714975931,0.05724900607955824,1
1.9804824633367435,0.10365859607538007,1
2.0023543631236094,0.0682130779443406,1
2.062650144455116,-0.04283677950502101,1
2.025689762975761,0.017970250844571215,1
2.032667269181682,0.027067803405164743,1
2.0178697093867273,0.10150243784386895,1
2.002807367509356,0.039802969138443556,1
2.0060683775824506,0.019319772181165557,1
2.008525179760486,-0.019365151474159018,1
1.9985877992579109,-0.004681734708770753,1
2.082621015608128,0.07278317955354412,1
2.0016824670462534,-0.04185748071497844,1
1.980236728065089,-0.0018103282022030203,1
1.9892288618104366,0.029115000513776863,1
1.9247848452140075,0.0335702705692098,1
1.9928786714047502,-0.004538927828618813,1
2.010049178840533,0.09313017073263113,1
1.993028121400215,-0.019395265924013902,1
1.9603460860959911,0.024883565858031337,1
1.9887906522754564,0.11157281503079511,1
1.9593719712001259,-0.05455649865624214,1
1.9751876483485697,0.042156092591269095,1
1.936206941737542,-0.02408209081270286,1
2.0091027819094704,0.015084821187267412,1
1.9965028011044124,-0.0008943833172214972,1
2.0171323565180432,-0.03206042242382108,1
1.9881925942265168,-0.05774205052002349,1
2.0242476367242963,-0.0050834236704151575,1
1.9898342498534678,0.052698976203012504,1
1.9809274474810261,-0.03645369755568908,1
1.9430199847287812,0.07068141700900289,1
1.975269270965009,-0.03355650216700975,1
2.024764105439254,0.017069643788167627,1
1.9215803610488693,-0.024250126377385703,1
1.9392801914046285,0.06947144142049035,1
1.8943225628252864,0.023307571447360054,1
1.9162491932008014,0.023524524970646055,1
2.0272286430240762,0.05233714736559591,1
2.0638097296645124,0.08486666081145859,1
2.048727604546899,0.10569567525743861,1
1.9761307192359334,0.03571874559696967,1
1.9787651950623488,-0.051532088217413535,1
2.048977060151721,0.005127509434945186,1
2.0959956296910063,-0.027984878973860924,1
1.963807018300772,0.033511421084098755,1
2.051055147599293,-0.05325778547860819,1
1.9092853516953683,-0.07511651596982573,1
2.075802670752303,0.02238544088746111,1
1.911921657292643,-0.015393337322906786,1
2.027421911776645,-0.06371090155247658,1
2.0346268921070263,-0.031657365860543636,1
2.0137845101350482,-0.03320588091713661,1
2.0222861850395892,0.02466897505449418,1
1.926139071743093,-0.052067687545117126,1
1.9724524652271167,0.0031700022065040984,1
2.0307510944011202,0.03828442748771683,1
1.9828310915288971,0.021334140524976276,1
1.9470559533476062,-0.022939487887308496,1
2.007952197949266,-0.01471413588741698,1
1.939777257459744,-0.009219195703139216,1
1.9737586689185342,0.005682692461413938,1
1.9900207975400623,-0.01915695423406598,1
2.084823110087249,0.00029169458345468415,1
2.008901750733712,-0.035996868114013175,1
2.0387765356885414,-0.03925080736449209,1
1.9973130863487059,-0.013031223311045302,1
2.006221553568929,-0.03234838827316841,1
2.008847227948723,-0.04498356115182954,1
1.9520473280259136,-0.018979248814514186,1
2.014756177204256,0.04036503393652157,1
2.0089808155074835,-0.0020956588079135995,1
1.94238867691149,0.01882105302586731,1
2.015349887903848,0.04570419934860104,1
1.9342528017511795,0.07921070152845716,1
2.060183660798234,0.010967297423059552,1
2.0002480436983303,0.9572581271056475,1
2.073930666787787,1.0081727545941623,1
1.966636601248076,0.9827699186157393,1
2.028063542817641,1.0847289008027579,1
1.9518942767047647,0.9348365968233657,1
2.0320546347544894,0.9107830053854088,1
2.096688036516835,1.0656404828578414,1
1.9907406300849688,1.0025041852469019,1
2.0441753751929066,1.1610146515306952,1
2.0079171875072843,1.0586796123766984,1
1.9356905831049,0.9706501780545908,1
2.044253273646506,1.0369352011816595,1
2.015465585637798,0.9725690767053599,1
2.112313474496872,0.987550955242098,1
1.9600860908789666,1.0737946859852636,1
1.9423698920018035,1.022414130752658,1
2.021165812513098,1.021428596270549,1
2.0067249322124208,1.0329650026810395,1
1.983106826554059,0.9798154943760555,1
1.9276982922508235,0.9815251014292689,1
2.039702479803368,0.9590615594764356,1
1.9927690277742995,1.0222211869678786,1
1.905786378153253,1.0555989409052748,1
1.9780677189781721,0.991882079495213,1
2.0461122376641,0.9998575592918836,1
1.9625236406900441,0.9182065445430854,1
1.9847587305152428,0.9932371532743833,1
2.0362098745821093,1.0046214467980619,1
1.999446652210628,0.9723210781767981,1
1.9120858538703713,1.0012359255461087,1
2.094645205216998,1.0356415290114185,1
1.9824175509458677,0.9887664551938962,1
2.0136928525414035,1.012747981792452,1
1.9089260021359566,1.044586153771948,1
2.0173793068336403,0.938063387335596,1
2.061977731882831,1.0574254239269858,1
1.9973324544925009,0.9340204624874251,1
2.0190691197596733,1.0858945892734075,1
2.021744421467671,1.0123324541922902,1
2.066554751484586,0.9117797747125055,1
2.003170383785236,0.9978025724034819,1
1.9439380782530202,0.9556636915381403,1
1.9669426197157498,1.0894423060345546,1
2.011699480685539,0.9979898679007273,1
2.0501007586047613,1.0206348128136848,1
2.0501440185078557,1.0093003595114225,1
2.030321141299149,0.9239172483421845,1
1.882631522132708,1.0275875273275772,1
2.01612378141889,1.0045518888918301,1
2.0152296544923307,1.0246532370895498,1
2.1067575169778903,0.9519057567633581,1
2.0342614178397627,0.9581591135080948,1
2.0511132050155254,0.885502534859924,1
2.0251190930316043,0.9690827478767863,1
1.9815672765896708,1.0533818647804896,1
2.08813445682196,0.9613973659489796,1
2.025654116143754,1.0116191367984824,1
1.8988500517178082,1.0097955097532412,1
2.0245231243060324,0.9999584570661672,1
1.9993745021359437,0.9878788286045695,1
2.032419753494163,0.9931759729298902,1
2.012153159053613,0.9607435335590235,1
2.000332316752882,0.9788562740904397,1
1.981845392519664,0.98421924761523,1
2.010718241834714,1.0061419524936759,1
2.011360515505962,1.0229036414072374,1
1.9270129542256627,1.0507762331170993,1
2.024995364565585,0.9316139337805284,1
1.99247363844806,1.0223021201177576,1
1.9958256611123248,0.9779569385862303,1
2.0102601129300086,1.0253557780401463,1
2.043913781018266,1.0186844057654738,1
1.9638105329300015,1.0122355820222007,1
1.9469265994205294,1.0662766999775124,1
1.9716788311913784,1.0597123520450378,1
1.9821612121565437,0.9549286387254305,1
1.952420493439244,1.0810220001518047,1
2.0259702119483904,1.0287046980927075,1
1.9915422364950786,0.9706791372533644,1
1.9595315416482886,1.0361150285474803,1
2.033170738656622,0.9656929774443811,1
1.9214960626399646,1.012643206117661,1
2.0838634098724182,0.8869090595143058,1
2.062578002681689,1.0068070453153026,1
1.9311718027384155,0.9064408259248182,1
1.9048283753776678,0.9605020894389257,1
2.0004244266792046,1.0303051119081146,1
1.970455221256064,0.9915204815133161,1
1.946918833569181,1.0337687528269772,1
2.033775146741627,0.9860155595378289,1
1.9101706660944155,0.9362967326040161,1
2.0516732713713637,1.0062416880783358,1
1.9780316143603658,0.980260789557449,1
1.9615740321287587,1.0428225399924775,1
2.0110941009831826,1.0048186923999765,1
1.9011606349113106,0.9596647724203041,1
2.106888012022077,1.0743162781932765,1
2.0491715811626086,0.992872068493809,1
1.970585581081362,1.0802917075935097,1
2.070218567871035,1.0090417904030504,1
2.0384338568286036,1.9722095392894878,3
2.0246157013861223,2.057646851832835,3
1.9117432117916413,1.9450089871191152,3
2.058629985549912,2.0687380497847494,3
1.9834067356217946,1.8990396896433952,3
2.00636165962856,2.0103686748505396,3
1.9720211682587412,1.9685004407674687,3
2.0205759133538566,1.9782488391308088,3
1.9885604628916236,1.9442059961836131,3
2.0893067181421268,1.9890980454900382,3
2.0633317253217633,1.9897620287193472,3
1.9235820720486714,2.0731199703519216,3
2.016662133700389,1.9588197334398045,3
2.0310197673106742,2.0593652403425824,3
2.005111900284942,1.9837085584942395,3
1.9888412950485934,2.0125607458499175,3
2.018946302259087,1.9452744457969608,3
1.9702049448620844,2.0245185354226805,3
1.943087713362124,1.9180112373506961,3
1.9327704398089318,2.020909984978794,3
1.9576383474635874,2.0053089360551213,3
1.9874214599279807,1.9846086874949647,3
2.095416271614855,1.957947721348252,3
1.87295911680681,2.044044663942159,3
1.9822603434739017,1.9767102485023085,3
2.0010541690530954,1.9920214411451147,3
1.9322584550947166,1.9330519815200482,3
1.9866437033144189,2.0329161151022186,3
1.9832750193201691,2.0128469648603584,3
1.975604968214052,2.0341881369722223,3
1.9793513255697586,1.9735888323294675,3
1.9761522067905806,1.9999458255391196,3
2.0507555271280995,1.9642514379717075,3
2.075152120660666,2.0057085753990216,3
1.974422600438942,2.017503096390577,3
2.0840888364001406,1.9458617344423739,3
2.1879536664973083,2.0266371770563065,3
2.0438201672415692,2.0148150886911735,3
1.966754917174767,2.0728219341537604,3
1.9757799928620088,2.05607841174031,3
1.9618508508283323,2.020153948438242,3
1.98131275734142,1.965647029068437,3
1.9621203948959929,1.9645108188053997,3
2.050669998744353,2.04358505226703,3
2.069667254287059,2.0297334973848917,3
2.0089315016887093,2.0403174427814537,3
2.0244005689091016,1.9773196591515427,3
2.0294742216203456,2.0795785153274804,3
2.0468668249627937,1.958734652514682,3
1.947481972160714,1.8998360395218348,3
2.0309587241094196,2.00321666017545,3
2.0617178535990566,2.0695758690487307,3
2.000268056235923,1.985849637898661,3
2.0893299636511555,2.0693947339978465,3
1.9587536125542777,1.951202299953529,3
2.0321308964410165,2.0532746156214428,3
1.9812340440615186,1.9004734952652191,3
2.0310302625665315,1.9795564662062222,3
2.0119319039269787,1.934943422619376,3
1.923538028037572,1.9778209527772923,3
1.9757389834250612,1.9871343138751716,3
2.014561674390072,2.031558700809158,3
2.0303516493988054,2.0259660100526813,3
2.002913848482629,1.987495267087117,3
1.9357353213913082,2.0569956785925774,3
2.000054019935427,2.024217421516624,3
2.032542413296132,1.9693346980867428,3
2.067499779579946,2.023808414179552,3
2.0006760932227854,1.9587050081820356,3
1.9282059092507586,2.024803593459552,3
1.9914425060707968,1.9511328336540312,3
1.9385302730104796,1.941895138272079,3
2.0436996180303204,1.9283356436545807,3
2.105215105107261,2.0268407124512517,3
1.949211793989333,1.938672112926471,3
1.9878203747230758,1.995741368455095,3
1.9752437371336262,1.9772032098746049,3
2.051765037447619,2.059527402483997,3
1.981746468344336,1.9788401349491107,3
2.0140996774560205,2.0609400044639505,3
1.9177549501252227,1.914024989006938,3
1.9825456646230888,1.9236234829057435,3
2.0292721581506044,2.093562087604094,3
2.117585491665478,2.034554294325584,3
2.0295816067158396,1.9021165850677593,3
1.98759320397136,2.050648187114183,3
2.0136007489663736,2.044590310402518,3
2.031711022676795,2.034178497839216,3
2.00735319198059,2.032369164224048,3
1.9592260910704185,1.9504281925888851,3
1.9450281914782048,1.9832639127047398,3
2.0547822553069572,1.949811169763616,3
2.0612717869579527,2.001898934956944,3
2.018760301429645,1.9549975468285703,3
2.033548101065711,2.014473016450109,3
2.0989960905971072,1.954553471129908,3
1.9532925637352072,2.028355597688522,3
1.9690143906090385,1.9738281430644202,3
2.029423501586514,2.0106580768775943,3
2.0026440063621163,1.9311796212367465,3
1.973028382603606,3.0356202214782964,1
2.050546729372869,2.9229533748095577,1
2.0266668967412946,2.9787760954216846,1
2.0266446612601827,2.9736032716226046,1
1.9763961297671688,3.009996603258029,1
2.0671428516228,3.0099181410774087,1
1.9422134582514188,3.0659550553278376,1
2.029772059678093,3.0022189367388084,1
1.9438719885926032,3.0176338190835272,1
2.0298992479068247,3.0734429415091857,1
1.9109841604215478,2.9167934973664122,1
2.0343444052131394,3.0286127887978975,1
2.02132928175974,2.9757561084134183,1
2.0162513075795294,2.927268710423138,1
1.99967227109793,3.0166730639204298,1
2.0523158138192206,2.844367590251431,1
1.8997143521239261,3.071889413041866,1
1.9553402428595528,2.8885787020134774,1
1.9670890107340044,3.0364261155226497,1
1.914925361225402,3.0457340061602736,1
2.04181750875567,3.046775828855308,1
2.0433725443521276,2.9526989356549946,1
1.9004547121790858,2.9493262452102544,1
1.9618856176072643,3.0649781450611906,1
2.033897481846929,2.9684864767985975,1
2.0763137898609014,2.959062913681441,1
2.0122422447156905,2.975844821788376,1
2.018953687974664,2.9599891094955866,1
2.008280167717471,2.9072853153197644,1
1.8963603544480718,3.0422348779293014,1
1.997615374925995,3.0989485147146003,1
1.9983658353532507,3.070885993468004,1
2.0451228968531114,3.051200182347844,1
1.9884202983601613,3.014214427192908,1
2.1313369499253776,2.9524165170753167,1
2.064317653392432,2.942242245326964,1
2.0126250240791785,3.039622206745555,1
2.004332900748762,2.9215732038033027,1
2.0272114103400862,3.0922309604218023,1
1.9424156512455482,3.0498320404540866,1
2.056147299075771,3.0092604454458782,1
2.0326590849765656,2.9611787450852027,1
1.9952492109719326,3.059209022591441,1
1.9647604687368538,2.966138274994362,1
2.054948231029077,3.010938311112762,1
1.967303300860305,3.0522022621857627,1
1.983649944818008,2.987438963113116,1
2.0511750884484634,3.0171620034629933,1
1.9633923895868375,3.026799607801536,1
1.9281653422600102,3.0203531274288262,1
1.978227218657067,3.0252213114894575,1
1.9692353532233,3.052063869426461,1
2.0466541190545557,3.0346810165942926,1
2.006724273203969,2.9536678084769123,1
1.9344834243594542,3.015902009970495,1
1.9479776998705334,3.016671955467725,1
1.9046207470078973,2.997148372864203,1
1.9670911150899704,3.0173200516838534,1
2.0230079204580558,2.9055559642832547,1
2.03735138552074,2.8755202754294706,1
2.0554858046235114,3.0070671885998115,1
1.9241340916494696,3.0846407716183335,1
2.0278596788743806,2.9772554285480557,1
2.001447770053002,2.922482938916013,1
2.077003674313808,2.9534339291487526,1
2.073500460751387,2.8285643330006516,1
2.0458498712643474,2.964499593167792,1
1.979976140044788,3.0403446620013317,1
1.91973814500585,3.0339909797302447,1
1.9783372113708768,3.014768935642003,1
1.992719006386466,2.9575580275200224,1
1.999552280324401,3.0604978480994944,1
2.0052656775609035,2.9266240140824973,1
1.9859994246030503,2.9103591853323874,1
2.009478787251747,3.0071769842960325,1
1.9674012642637966,2.9700937539132672,1
1.9859254677620768,2.923813127254173,1
1.9849254029722436,2.993151593659029,1
1.9316713224832567,3.0457194594743475,1
2.038801512787362,3.015636734476178,1
2.05235351939234,2.981192944478005,1
1.944239540190734,3.0187230497598927,1
1.98725702120807,3.0329400089855523,1
2.0204626711302462,3.0033769345836094,1
1.9306471968261378,3.003649749746935,1
1.9952436237433384,2.9715116987281056,1
1.9432777109404735,3.0082891006800634,1
1.9944296200694551,2.97918093289999,1
1.998124210147544,2.9784589050209367,1
1.990417573690149,2.9666300731949273,1
2.079409020354922,3.088827429504594,1
2.0142791713260766,2.9554659459080024,1
2.059711382792402,3.0145065407498888,1
2.0507846036265778,2.933726308747416,1
2.00936199393219,2.928288322911977,1
2.004418517775618,3.0480881705602823,1
1.9982847905934036,3.029726560080181,1
1.961302089792117,3.0816607809485164,1
1.9805724210027413,2.9825600559635395,1
2.0162434709152657,2.9747157729345695,1
2.9421731313759025,-0.021998710440070818,1
2.9800930384277895,-0.04287134053241001,1
3.040192686227802,-0.08897466823038305,1
2.913233377211833,0.010287729100375467,1
2.9835830623635604,-0.008938232965873419,1
2.924344965048138,-0.03257479518559019,1
3.0575710492279855,0.003932409171392589,1
2.9944379859080352,-0.034213519379641504,1
2.997173113289077,-0.006177403158193039,1
3.026546987517995,0.012374632379701348,1
2.9653601166162598,-0.04076765954551038,1
2.947851159181168,-0.019363856146716523,1
3.0222316950271253,0.002812493179568098,1
3.03676868925309,-0.04291093488772066,1
3.0536829805898367,-0.03533307194218056,1
2.9591191928937457,0.014340579135291756,1
2.9554879389644024,0.06864481112733593,1
2.9754610601826155,-0.0162697532387434,1
3.030492570740994,0.0826508192352147,1
2.9702405318664318,0.01795424955060136,1
3.002418582098269,0.014696653971571095,1
3.0588369920202507,0.02361015433876092,1
3.0646855951429295,0.05077321617464477,1
3.0644708783092254,-0.020925121564875415,1
2.9261721709936594,0.01978878888110429,1
2.9774534153902485,-0.020187390008288772,1
3.0432965522540076,-0.05589298081711799,1
2.9387028674643196,-0.1024023663926767,1
2.983625168819622,-0.01277414852628328,1
3.0501402326385207,-0.002489371525300517,1
2.945866502305568,0.07439015890937378,1
3.007427578929074,0.00764287361962835,1
2.98803708610579,0.061108364430924295,1
3.011549814005873,0.016479316321213425,1
3.027874627156793,-0.05219972223426599,1
3.0282405115394586,-0.014501422183797276,1
2.951340020049489,-0.02483355193605949,1
3.0218519147205893,0.007185116403701879,1
3.0371254184324603,0.003331174811446909,1
2.9101175632198117,0.024488482176595595,1
3.0567866239387653,-0.09330701466486346,1
3.020806893100428,0.05642972758567433,1
3.068816682277147,-0.0004716949496522949,1
3.0706984925128094,0.0813564511443462,1
2.9201863109539534,-0.01461610451695713,1
2.9839431864062425,-0.0485499875617844,1
3.0357028598995597,-0.01437661498223335,1
2.9517618695880588,0.05352526439357316,1
2.9032639873309614,0.00046777580314876215,1
2.9803717345052645,-0.024379693672913726,1
3.041330300166235,0.06416902962524895,1
2.9635756353208964,-0.036424774262943826,1
3.025724638553289,-0.07958640875830451,1
2.882956093206274,-0.1054275197567145,1
2.9441879285805115,0.06742400566943853,1
3.014808644157529,-0.00690882967609702,1
2.9174900481323887,0.03756314259744888,1
3.06589534393285,-0.08743594911712127,1
3.0266726857758024,-0.01634486595049887,1
2.9883762235807803,0.04968465198720185,1
2.9684520189311536,-0.10308181671062233,1
2.961171868868317,0.07800046966785963,1
3.0283319397183157,-0.07235259759399774,1
2.9889557745111643,-0.02308169999104413,1
2.974961837487268,-0.03451539358652748,1
3.0271198139636533,-0.009952850299337413,1
3.0544787558485877,0.07008204706920686,1
2.997971181406437,0.020062350502038598,1
3.0461741729539957,-0.04153739660142055,1
2.991162327354622,0.019937032041676586,1
2.9377163142136262,0.0731320174954697,1
3.0455930647060487,0.09425905223350867,1
3.082493294104599,0.03386504381718968,1
3.021045406452405,-0.04668318211782931,1
3.0388366416468857,-0.03753419079886166,1
3.0266818538194484,0.036294668040308904,1
3.011979363888826,-0.047394123298625336,1
2.950185471813578,-0.049070482265680435,1
2.9592941560044257,0.028309029083126432,1
3.021901430546527,-0.02305978629639917,1
3.1052855028784325,-0.032583588916791514,1
2.9795440617389826,-0.03362453020333371,1
2.990086998667805,0.051438923595601364,1
3.04488813557845,0.03300609258594614,1
3.051988659575624,0.01826394509877585,1
2.960337030756527,-0.011471787458668099,1
2.9793986663183136,-0.02468944219342725,1
3.0242943444992845,-0.0007839087990286055,1
3.0577203870023064,-0.050218422463362104,1
2.967839381078928,-0.05194577898343037,1
3.103945423158204,-0.04524189916436857,1
2.9040084621267725,0.05653691550272625,1
2.99149362909147,0.06630091095470067,1
3.036512395942464,0.04266985664394958,1
3.0605611938038786,0.0023992518577065,1
3.063129518576679,-0.08609275944546199,1
2.9396215857101216,-0.08052611414411792,1
2.9895785837883713,-0.09879429099802176,1
2.974877599578108,0.07313167835354861,1
3.019496965975333,-0.007520421913202054,1
3.05448433713719,0.9638569633326819,1
2.9957855207902173,1.023460349447736,1
2.9397886960694724,1.008686671768767,1
2.9724485988962868,0.9182571682266485,1
3.0723276318744657,0.9637383106504521,1
3.0846677247851564,1.118019656532965,1
2.9255177433889297,0.9701322474444684,1
3.01140394260835,0.983334601426982,1
3.0551240288285317,0.9318571283138553,1
3.0387185263462113,0.9959680970587321,1
3.0680276498421684,1.0783063510966397,1
3.021956458945366,0.9641199758516956,1
2.940486743354079,1.0074180495282252,1
2.96764958930611,1.013538754572067,1
2.9634161566551556,0.9243607770762867,1
3.027243962834871,1.0672541252380419,1
3.0048586083636315,0.984165835115359,1
2.9895775040270243,0.9443121860504176,1
2.8981866229515925,1.0077346677862904,1
2.9574907243843818,1.0838978628096108,1
2.9983476726680327,1.0615514498330583,1
3.0058307366429107,0.951801225672854,1
2.9484777015720605,1.0060376519651086,1
3.032927505453726,0.9477955937581459,1
3.001802874815225,0.9537590538380541,1
2.982212469506088,0.9747867823009236,1
3.0886759394206207,1.1736848846804349,1
2.964281811332069,1.0435638537947858,1
3.009430535282684,0.9772856726997251,1
3.039274369707211,0.9543673382854408,1
3.055878219533946,1.082398063418038,1
2.983328732811908,0.9701733700285199,1
3.03831510673661,0.9744474835594212,1
3.067165434116974,0.9108089306645094,1
2.9769407281934646,1.0549492578730417,1
3.024065959666039,1.0035459487874738,1
2.9844755993365295,1.030551116336852,1
2.986905616644925,0.998220467513242,1
3.0167479852845367,1.0238128347106459,1
2.9758129134956843,1.0865521747544022,1
2.9485154989344604,1.0644843373232136,1
3.0193629882016486,1.0346387434083641,1
2.971216287277197,0.973182777461851,1
3.0791405419489664,1.003027678182886,1
3.0047233132641953,1.072802325891301,1
3.033620453278686,0.9805657618328506,1
3.0276993737764406,1.021666873440477,1
2.9408774700292852,1.008973634023902,1
3.041973090230554,1.072643799827853,1
2.966914371178018,1.0718668133721643,1
2.9789406152387325,0.9157611671426512,1
2.994718236355261,1.036239114131608,1
2.990461199435925,0.9066576517333628,1
3.114850720357228,0.9608714179571622,1
3.0328541923387533,1.0280556653751394,1
2.905267602789575,1.0550339357906966,1
2.990661722904586,1.0050055572319785,1
2.964201291135449,0.9835492175068392,1
2.969458825901746,1.029936463769965,1
3.0498181865937144,1.1049365324221252,1
2.9731132443853694,0.992566257596746,1
3.030123942498346,1.0019997216221421,1
2.909152842646363,0.9851461387205144,1
3.0341617154843004,1.036103445576377,1
3.0721203466631675,1.053163749328834,1
2.972153293948479,0.8640666805587908,1
2.9846136119076516,0.9724847626248337,1
2.9716834755316452,1.0382503923784554,1
3.0459803728239283,1.069919505802372,1
2.9863813345144976,1.039822980512245,1
3.0074380068818427,0.9417825495341392,1
3.0287497589730914,1.0048095875692875,1
2.9892651694323,1.1695987041857676,1
3.0256239315184383,1.0501782530508788,1
3.1055447416021145,1.012972671855659,1
2.9704066348047515,0.9842096065752125,1
2.926696223692111,1.0313223997752676,1
2.972681145381063,0.9493522778606872,1
2.94705889964588,1.0294351103789647,1
2.996684793100333,0.9552873608508942,1
3.0484036128644303,0.9748244729838222,1
3.077893785717319,0.9997467049689904,1
3.000151004924471,0.9490743953560776,1
3.0520687759933507,1.0206984172708868,1
3.008702883541649,1.0366610794966977,1
2.9936871258543074,1.0923008315514413,1
2.9500343355535286,1.0432591085620682,1
3.080870331232057,0.942559805082889,1
3.051298887496889,0.9472015214312006,1
3.0240527866723133,0.9957292666722685,1
3.016389854591344,0.989626669967648,1
3.1487314759912874,0.9966435450424165,1
3.00914242823613,1.0424399624590923,1
3.001265341658811,0.9907176530827521,1
2.970079895113313,0.979698458584444,1
2.9879893694736217,1.03929437877049,1
3.069253641760636,0.9509853480954648,1
2.9388699688468267,1.0065767702728774,1
3.030616097601882,0.9905718818647018,1
2.9995577721508115,0.99367721142137,1
2.9151674093407873,2.9297776800004627,1
2.9896130569034662,3.0629543857717234,1
2.964281111731658,2.9540942394825542,1
3.0194797145134524,3.0284848294564286,1
2.901782458709619,3.0544479238535662,1
2.9661902448566293,2.9810721864883085,1
2.9563850943044345,3.005914307027373,1
3.033237834603232,2.992095051056256,1
2.9884362181255817,3.034116666304421,1
3.0083869637539804,3.0231555592921966,1
3.0408939412092972,2.9323480945911644,1
3.0139735966353403,3.0197976742937858,1
2.9163261717376345,3.024843256497055,1
2.9541060037460607,3.092501840551764,1
3.077604582202169,3.1022746883073635,1
3.03094426002929,3.0990665530248576,1
3.0000794308291,2.9551579280713827,1
2.9516571716097095,2.89694316770191,1
3.00384076192577,3.026013791138605,1
2.9527293434045614,3.0476042450297873,1
2.8530582012622103,3.0711805338814875,1
3.009306773830343,2.9944596786698128,1
2.950639223124282,3.0872558496008415,1
2.9539607742781127,2.9792579666409744,1
2.981377404641412,2.9638587630937487,1
2.9973870409127135,2.968617708245035,1
2.9125967880252905,2.9606069556720733,1
2.983707127762961,2.9476143853119394,1
3.0557686731781053,2.976534917645596,1
2.9208989162538694,2.9283735201274146,1
2.9117773246975123,2.986963415200328,1
3.0148464787941807,2.951525831603942,1
3.0313852226537112,3.051681525141139,1
3.0303631189179745,2.9797577090963374,1
3.003878784406981,3.154570583591841,1
2.91952762103159,3.015599020473027,1
2.9355479044163864,3.0024728889793457,1
2.9848942918879082,3.0270594716797756,1
3.022755734698191,3.0247739938668694,1
3.024686344574686,2.974677770142787,1
2.9914654204537507,2.908296305778143,1
2.9550393763789073,3.02079252229307,1
2.995863331868117,3.0016564728149344,1
2.9373527123260637,3.0167696686100793,1
3.0386715241910403,2.9980196212304207,1
3.01676769741031,3.045788296380811,1
3.014503090516252,3.008247940381875,1
2.9966975488065675,2.97000953937691,1
2.986929691639589,3.031774918182003,1
3.0097718942315943,2.958697552489405,1
3.0783491260452265,3.0411867966351984,1
2.9543418307927434,2.945377006288555,1
3.082617399404122,2.9258931109865696,1
2.9633635679731403,3.018533438688285,1
2.975241953537046,3.0112786851455775,1
3.0482404305000985,2.950994542740696,1
2.9552214339081213,2.9782401998325003,1
3.052641223315486,3.0144937046844036,1
3.0487524249084212,2.9779310251144953,1
2.991283465373751,2.9631032964480286,1
3.038178896722557,3.073443951009388,1
3.0075786730191396,3.0209185146219117,1
2.9723334887618624,2.939874834905818,1
2.9926338354165063,3.020492485165556,1
2.9136763882052046,3.001515065528156,1
3.014227634064585,2.909027861974311,1
3.017208496975407,2.9132584605180867,1
2.999532950155305,2.998466819040405,1
3.0045746267955002,2.992638520954932,1
3.102062721555812,2.9464702256762996,1
2.9546309075979873,2.989332942851378,1
3.019728938927575,3.0165027166630214,1
2.974550917586931,3.0090496034191996,1
3.023554080608562,3.0426296256887424,1
2.996985712687922,2.9422694321502534,1
2.9163268027079865,2.9967531879762235,1
3.102073364174369,3.0581083243174683,1
2.9554685810911443,3.0092317472048373,1
2.974687979201867,2.947362447345385,1
3.016734125630788,3.0109194375306347,1
2.9857347960297527,3.010223067472797,1
3.018560882599985,3.0245950307781198,1
2.924714618253898,3.0382311147249985,1
3.037661792485124,2.9910204746202833,1
2.9837133687722397,2.932935017490775,1
2.973353375407245,3.0036247920998527,1
2.991972523904754,2.920874714737723,1
3.0211039745261643,2.964471491347811,1
2.991900592482903,2.9527624402544714,1
2.9459360945293,2.871649254654998,1
2.9807657096177764,3.054256127285596,1
2.9771975583484034,3.1488179132279304,1
3.038096943185775,3.0503065276114945,1
2.9735550632917858,3.0409519245837666,1
3.082901921044341,2.993392060844734,1
2.955107192016664,3.0186477212907277,1
3.0666082416991616,2.994871048737109,1
2.9905245188699348,2.96439467809765,1
3.0204643851082826,2.958985371544976,1
3.0054164115244943,3.0085824092838243,1
2.9794293339887896,4.071124390859135,1
3.063732231005445,4.0078374097389515,1
2.99751881999181,4.01999148170975,1
3.0141751701051884,4.106339779725588,1
3.097998175623738,4.026923223601764,1
2.960959954116128,3.9469192506056965,1
2.985948424110176,3.987768413078312,1
3.0025788928808113,4.069593132242639,1
3.0619535785963485,4.013642559243239,1
3.004654124313884,3.9948482853711007,1
3.033948337076967,3.9763138749289677,1
3.0577940418961598,3.9390725760478364,1
3.0574696900057647,3.948786484426717,1
3.034886294613255,4.015680800744256,1
3.0019431727538475,4.042644670128661,1
2.849587781953425,3.9663172876050257,1
3.034156253623983,4.0342693448995925,1
3.0111463362971813,3.9744237540170615,1
3.039399834475536,3.994695416786053,1
3.0468593181002097,3.9781935423021078,1
2.9618455193348,4.006266136745485,1
3.056036195361183,3.9212756137345792,1
3.026089895871187,3.942231207319075,1
2.9397177669207064,4.012584727006298,1
3.027081056137074,4.009559043562219,1
2.9493708423012768,4.000335121671937,1
2.91545492163416,4.048527968709938,1
3.002491094639651,4.015845591910901,1
3.031863835803354,4.00644939621607,1
3.10218245590241,4.027571645955929,1
3.0314521064237496,3.9547648503548274,1
3.0280186403768043,4.013725076653748,1
3.010935912891023,3.9678985276697225,1
3.050614964799718,4.003691897889054,1
3.023492314568948,4.068226020191714,1
2.981447580396292,3.9443385226956758,1
3.0080730785901406,3.954239624981755,1
2.970630947047564,3.9318769486484824,1
2.959228621906567,4.081272968304118,1
3.0414935097318416,3.896306836329895,1
3.0432259032557583,3.9722770152641966,1
2.9742051573188917,4.023809436408606,1
3.046862521240863,3.9773975798958574,1
2.9485289203254084,3.9601311271078545,1
2.881155168684797,4.036897922698135,1
2.993082666400429,3.976507973460167,1
2.9806246422287783,4.063317292626057,1
2.995278103612941,3.9582403888487776,1
2.999790172672421,3.981874391583688,1
3.0255630760869856,3.981378465883561,1
2.9358636383286734,4.0247657913729,1
2.9932239144553408,4.021463640875488,1
2.9876174157602984,3.990000707384444,1
3.058947239486726,4.047699287679968,1
3.0114271893662066,3.989860527310006,1
2.984136720985344,3.99698696699639,1
3.0504445707338244,3.9465486246040555,1
3.04691471146909,3.9357169676141592,1
3.0093967008894613,4.024015342784094,1
3.031014686711898,4.028833154078183,1
3.0317712338805722,3.900281443553756,1
2.897634029343161,3.9277924334480545,1
3.0302370916495542,4.014036202828083,1
3.0627704557637685,3.986257314662093,1
2.9510709358022496,4.0613834327270695,1
3.038321347210477,3.939357641279932,1
2.9236570965354804,3.9897185973429568,1
2.999180967417901,4.001500657179193,1
2.981359755400183,4.056593926719729,1
3.003371939284291,4.0467763817796385,1
2.9519122650861847,4.002024519004297,1
2.9943878628054152,4.039567170456938,1
2.97526608726712,4.038017783910871,1
3.056225625543154,3.937560579108529,1
2.955479426109635,4.022742166723652,1
3.0486152229767107,4.081032263445017,1
3.1025050668307945,4.062930729104627,1
3.008180936080276,4.04474120750207,1
2.9997427045121285,3.990925886885686,1
3.0340897937386813,3.978210920855175,1
2.9849539319128806,4.03066844367305,1
2.9859415935752147,3.9716664395885535,1
3.0308030381057933,3.986884086045923,1
3.0801143482516413,4.006865008168185,1
2.9788553667813176,3.965566370031322,1
3.0335876562626884,4.050878407609725,1
3.1115507981544264,4.04986835730336,1
2.982947750148313,4.013380007330522,1
2.994385975229169,4.002665307916368,1
2.9792348445996515,3.8831577234729937,1
3.000903356194296,4.012629305879034,1
2.9300671628361625,4.034558500204109,1
3.0632052195312305,3.9350829908013742,1
3.018525006961202,4.09881317196488,1
3.063317149853456,4.003005766997436,1
2.967308329144821,3.9675393207591703,1
3.006041580188575,3.940598021368975,1
3.081063174510459,3.9942284260327865,1
3.0464747514781614,3.944218643217116,1
3.010768132073898,3.9538506508271185,1
4.011466760905801,0.021088844284647454,3
4.047955160517267,-0.014815367582306725,3
3.877388782550956,-0.046824251388148275,3
4.046697080858671,-0.0043532369822374154,3
3.9798601743718276,0.010198341501782249,3
3.9875268942788233,0.05775952137533416,3
3.901351440965671,-0.03298606645767959,3
4.022279892060629,-0.020909793894218192,3
3.967015281036107,0.0012010458390192187,3
4.036451696025056,-0.04212935370853863,3
4.010940070995177,0.042069751054031775,3
3.96782654505491,0.012655360938605156,3
4.014495814984995,-0.006280035435179259,3
4.0075427516739675,0.09317694030364236,3
3.991585123992209,0.07793789996228769,3
3.9709001546452685,0.01989949002505162,3
4.05169974275115,-0.03624566161281075,3
3.957797640561374,-0.004716102264814648,3
3.987660668349289,-0.002914416133962392,3
4.0227814036513685,0.012181441395717175,3
4.028672070138465,-0.02627744278073857,3
3.993627896263102,0.013972790012961513,3
4.050413210808351,0.07349757188704056,3
3.9886484989074558,0.024841955873976047,3
4.040598662888781,0.031117618272521158,3
4.02346700692416,0.030604945641799514,3
4.049172176984224,0.09064340550245115,3
4.008766647692382,0.030202234059301464,3
4.0524464468898005,-0.06845953989775679,3
3.951687962442305,0.03899089239128138,3
3.9959355772678125,-0.04930769074147538,3
3.999534677978373,-0.07678023617314335,3
4.115076703565907,0.06704697765324252,3
3.899327173132439,-0.03180502622950987,3
3.9939700384534214,-0.060067100067687645,3
4.067965442182752,-0.028119670901670463,3
4.0016839917457245,-0.0007963785702642562,3
3.9951303286662454,-0.033180825617631554,3
4.01932754134845,0.0012062046496656128,3
3.966863203882547,-0.015344771495237464,3
4.011569576011225,0.019487434535314624,3
4.0295517102234015,0.06839057176573368,3
4.060710931549509,-0.09166293349751736,3
3.993553603517928,0.05559995183204746,3
3.9225722088672317,-0.08740183282954801,3
3.9281980514269335,-0.050912883123830625,3
3.9872688488645682,-0.12681539241162712,3
4.009008201772763,-0.006253113713627631,3
4.050948581735516,0.006742752423149647,3
4.041714789061268,0.007184944857783371,3
4.039182419447864,-0.02188016803264088,3
3.94391741123305,0.042062256223291766,3
3.971074752230773,-0.05578821746027886,3
4.076783728620209,-0.007381739292165377,3
3.8868764562411826,-0.019198287171038247,3
3.9280891209739446,-0.08705337103540572,3
3.947099155854971,-0.043864913374194396,3
3.9543126621202567,-0.03699300271631253,3
4.008345545963865,0.03591606599833801,3
4.04237340225205,-0.05328746285662559,3
3.9888114789407663,0.00938509970756309,3
3.948688829406134,0.14031675396220153,3
3.9397445373051596,0.0031184501100701874,3
4.000988716194522,0.02974444458567174,3
3.982682650180631,0.0770803537509409,3
4.010821156840872,0.014607817564037208,3
4.029585121146371,-0.06168743595035153,3
4.098977982578536,0.011898581382923639,3
3.9536557149201452,-0.0072409087779217955,3
3.9297594936634646,0.048481407011622846,3
3.9157620733407423,0.009162022450415206,3
4.007176059917835,-0.06281934286862749,3
4.002691153938239,0.03232014450303578,3
3.964550204114281,-0.030554828582252166,3
4.033584451954052,-0.01764039422686996,3
3.949362973519169,0.02471021941179359,3
4.001586443141365,-0.0038915358575490676,3
3.9837926107769626,-0.03167437357371913,3
3.9475780347402867,-0.025306193537431323,3
3.999775539257612,0.008846440144408463,3
3.9894259887250545,0.05836701054908349,3
4.033888099838266,-0.03653618960609577,3
4.002259831815322,-0.06170923325087055,3
4.118449256164027,-0.0540540873195042,3
3.978390934662287,-0.07689025493047164,3
3.939119542033355,-0.03866808622136911,3
4.008980473138648,0.02256882994824276,3
3.971935745004968,0.04696178804959181,3
4.09218736272833,0.05787068041526048,3
4.030135138242507,-0.016810267656858172,3
4.051258018263663,0.03330318733274062,3
4.027764405818198,-0.004975031649515662,3
4.047658712415677,0.02895953837496587,3
4.039909017193646,0.07850454267711655,3
4.025282997555219,0.004000575934926034,3
3.9983117312746512,0.09469007833244264,3
3.9328477540923155,-0.08890786812088647,3
3.9897971399105163,0.12442305980179205,3
4.005343243765163,0.017253112849668007,3
4.041048299402712,0.014209766599641245,3
4.012199424190927,0.988910100334121,3
4.029628524800117,0.9959410332073708,3
4.068861029395914,1.0208397064067858,3
4.018622817190494,0.9726257445624311,3
4.074982472554831,0.983234981844206,3
3.9360036579144766,0.9741159881196173,3
3.9871135237137802,0.9519220378966903,3
3.957838611160888,1.0085060660743794,3
3.990078959014376,0.9481638490252364,3
4.062285871771928,0.9985593156436747,3
4.03140842387318,0.9878604328376519,3
4.01864024209637,1.0336308601489332,3
3.872277918007095,0.9746992595098327,3
3.9717468374005165,1.0038803391885078,3
3.9517940755409287,1.0115838279239768,3
3.9880337383116786,0.9729711348010066,3
4.032825491870324,0.9808133505097101,3
4.005272565382718,1.024990964754162,3
4.044954004268578,0.9958707986381401,3
3.9381222935464564,1.0452704118597733,3
4.106947890105037,1.0057940776765926,3
4.0703842069151674,1.027320929928256,3
4.0698462412838925,1.06825617109093,3
4.015494396429391,0.9801816524252457,3
3.9979119375401,0.9943436147550967,3
3.9561103464226415,0.949506733586068,3
3.964998932282065,1.0327519449531615,3
4.033058096936732,0.9213740370389115,3
3.8947445467719497,0.8870841688513608,3
3.9932637877473285,1.0029921007858316,3
4.074000491451207,0.9760328954484301,3
3.9797088047332996,1.0291202308506502,3
4.053712459463702,0.9638140341649493,3
3.9952700983546183,0.9980630687858517,3
3.9724351967271163,1.0002487178453492,3
4.000630867232967,1.0241640323252548,3
4.0256474329877525,1.0088889337311764,3
3.9121889764896163,0.9686227146245177,3
4.013082255606159,1.0396558706798529,3
4.043321487182842,0.9671868803330755,3
3.9606759343444833,1.0039287043242422,3
4.015767079081472,1.0344130003881706,3
3.9413928141666625,0.99881115990992,3
4.119694521290998,0.9137669466190502,3
3.8969715058686654,1.0165489891806965,3
3.949640646854073,1.0659177551426195,3
3.9288215505378643,1.0101317829172571,3
4.021972707428021,1.0004876248308296,3
4.002246543342712,1.0585081001263552,3
3.9918901689483217,1.0846716879681977,3
4.071093501981353,1.0133769488278603,3
4.004892095058427,0.972151748826046,3
4.0153428541587495,1.0305065873191217,3
4.025289672960805,1.0267250652355124,3
3.964021392206103,0.9743568273542894,3
3.99955387705375,0.9731768919778103,3
4.039968625903482,1.0639386505845085,3
3.952772589584516,1.0051549808984672,3
4.038693122056371,0.9533271855708982,3
3.869050956916978,0.924175574950955,3
4.064151996229799,1.036802835389441,3
3.9806234485281977,1.0625508965135033,3
4.001825971785512,1.029600334588119,3
3.872835296426709,1.000458371770657,3
4.017150311912678,1.087701143995074,3
3.936447529725136,1.0777652475306592,3
3.99221984739353,0.9927536607207369,3
4.040348584413672,0.9745983561408942,3
4.004559704044326,0.9924351167146439,3
4.062440288681392,1.0989091080504485,3
3.9834680517217382,0.9057132269464275,3
3.973630130267979,1.0559226807584259,3
3.9965310313523,1.0416177817408325,3
4.007738334176198,0.9838108982062246,3
3.961091986677535,0.9791706020458317,3
4.052235623641899,1.0007237360931667,3
3.8690226325593393,0.9628275634831703,3
3.9651873834117057,1.0106147476206846,3
4.0277841309476665,1.051828883826797,3
4.136449297912059,0.9828396080417856,3
3.968281999617863,0.9814079298363183,3
3.9996119504809116,0.9645358130893624,3
4.000331567626114,0.9662979873127325,3
3.960344001736911,1.0054580600555947,3
3.9745932929228895,1.0396722072987628,3
4.007979716749076,1.0294802229162023,3
4.0420607437489116,1.008646446047551,3
3.971398832478803,1.017990660183221,3
4.054827159521134,1.0619662609858251,3
3.97337920142743,0.9441337852989692,3
3.892423401087865,1.0587707279363348,3
4.043167109451286,1.030105485364117,3
4.085730794254608,1.0020663325096018,3
3.9713112606029193,0.9867944517028333,3
4.015227576212106,1.032276913564428,3
3.9669545115797904,1.0252490457070917,3
4.064966174721846,1.0322270124292114,3
3.9561805883740004,1.006789197878758,3
4.022859281937208,1.033551571903487,3
4.068748811699223,0.9346458880958033,3
4.0098653345978175,1.9379056372823524,3
4.013646100448535,2.017450958049613,3
3.993636981175181,2.031168201705673,3
3.903670269434273,2.0442977187648963,3
4.012683667076022,2.0049966361440847,3
4.0473120660529975,2.0584621392058304,3
3.9977147594922013,2.0000584575614395,3
4.0056994989303245,1.9923166160268637,3
4.027607906923335,2.0202890374368514,3
4.012315714197228,1.8699984864723325,3
3.9783733847845926,2.0223817751058633,3
3.986987672441543,2.125568826880966,3
3.9542666159671,2.0094937135178212,3
3.9794927783482006,1.9852799920111994,3
4.057661225969522,2.024498910736046,3
4.038471395654354,1.986126550222879,3
4.028380168668656,1.997731025984117,3
3.9571640409249254,1.910078594555779,3
4.083504077184439,1.9566623619538561,3
3.967067418619583,2.048220756944218,3
4.035841827277681,2.039166022075178,3
4.151040085168006,1.8804370770177672,3
4.0697784922751055,1.9922259359571408,3
3.9906119598311336,2.0074568415372305,3
4.036028996566432,1.8668748307237364,3
3.9653858642874136,2.023356978741476,3
4.028243442195954,2.0516283429143423,3
3.964787950364214,1.9715380752397988,3
3.945631342943822,1.963991037785988,3
4.01957006187839,1.9788613017998586,3
3.995634522569676,1.988187789461826,3
3.9062728017485675,1.9910524278423032,3
4.00057159628698,1.9353886944217844,3
4.110517856639396,1.9798886606692738,3
4.020490536967179,2.0435997888626365,3
3.9549422021639398,1.8974384040123713,3
3.9861373468815082,2.000507244177951,3
3.8737973118557325,1.953179451377788,3
3.985092103503056,2.1224646962250766,3
3.992750667354323,1.8841804274196812,3
3.9684571458299045,1.9512511894299323,3
4.045571357834968,1.9724431468835455,3
3.9729004058010933,2.01867872428306,3
4.050607416052632,2.0292769945425086,3
4.048834409593578,2.0840368245487557,3
4.034758175502073,1.9754392061097492,3
4.043549180534493,1.9866481074801794,3
4.028562818195227,2.0293815708763203,3
3.9238020839206476,1.9947602916426075,3
3.935182930949298,2.073172074242739,3
4.061622943261409,2.0311039122303063,3
4.0000858459644615,1.9875420546921454,3
4.05183204339333,2.054200379293618,3
4.09470825414617,1.98955547268955,3
4.049137280754733,2.0682451061304117,3
4.10919015815346,1.9613414192210061,3
3.999101911092898,2.0196703313086997,3
4.022041352374745,2.0021831202568054,3
3.8729729317185253,1.9797854216527284,3
4.054665150132834,2.055647714394677,3
3.9576796908558607,2.013173796581808,3
3.925497806854538,1.9738529192331422,3
4.025195270617165,1.9792356038792223,3
3.9969190690975718,2.041592447857721,3
3.9869233905571178,2.0036518656087585,3
3.907204382343134,1.998115733352857,3
4.003081492992627,1.9505984652140287,3
4.063347863786293,2.056325603431937,3
4.042479550741503,2.0040568072696607,3
4.037459765533674,2.0156407893644843,3
3.9932144287088747,2.0295392142776216,3
3.969803734545876,2.014007825523439,3
3.951716646735556,1.987231152096832,3
3.9489055266234323,2.003420621631431,3
3.9558679496889613,1.9976993260074893,3
3.910251283028343,2.006412314574222,3
3.921399678174307,2.003048526517505,3
4.037031706460905,2.024576554685464,3
3.9429091681415414,1.9798475252244985,3
4.046611577903135,1.9612977583337488,3
3.9529295910285724,2.036501896143458,3
4.010181858603249,2.04160670742654,3
4.01868336994908,1.9695348558722556,3
4.007953898396514,2.026187484682747,3
4.025621567518925,1.9429004477374447,3
3.9576462890039323,1.965064757754656,3
4.081086678882426,2.0072332385173546,3
3.9905986864087644,2.0506992249350815,3
4.0507647158537585,1.9782907410605746,3
3.9964777047717384,2.027017582997198,3
3.9125058165129825,1.9685241235070237,3
4.050609761748275,2.0573041540749193,3
4.073013508300106,1.958072148410299,3
4.001010643524907,2.0451436056318215,3
4.049583580913725,1.9791958998063528,3
3.9492645646995954,1.9495554263144692,3
4.034997784773335,1.978833021444423,3
4.022156149356699,1.9700420314225973,3
3.9981285030643527,2.017254494934599,3
4.009965944753011,2.017192746142507,3
4.052737686929047,3.0635649402198766,3
4.086279198905621,3.0333876956285386,3
3.941649800473303,3.069175340919398,3
4.10258703350658,3.0293966333145685,3
3.9944423710653485,3.0318636182318315,3
4.056063673073417,3.0110780341989662,3
3.975006401253453,2.9674710174700496,3
4.020945736415482,3.0060312809599066,3
3.9971212901650013,3.024612317293933,3
3.9756050001417513,3.0321395520999848,3
4.017018603357144,2.979415863322972,3
3.8361556239566332,2.983359112326656,3
4.08141542584759,2.968456728934849,3
4.067380248372365,2.9825509393463276,3
3.966393860669364,3.0018682034018345,3
3.9924089607565203,2.945815652019316,3
3.9957992927870998,3.008229307086068,3
4.033356803587013,2.9200916218943145,3
4.032093327783329,2.938498851076841,3
4.069524467759976,2.9967374687628223,3
3.9190767178549306,2.952847720515393,3
3.921726501321692,3.0662833402868603,3
4.044622326987824,2.9931457292804,3
3.953223115429832,3.032944244787046,3
4.045072666526208,2.955039561276614,3
3.975419647249921,2.989117118317406,3
4.01607570401559,2.9737087816910246,3
3.9998632065007067,3.023226476228519,3
4.049189306132608,2.967887761588704,3
4.016262028195022,3.0428781428710048,3
3.9656825918533625,2.941179561093789,3
3.959308219200035,2.907145374191258,3
4.070106549504013,3.0468890042083734,3
3.8922054036794855,2.95886861532333,3
4.048710073972512,3.000337199649115,3
4.0546101289749705,3.0594234208598947,3
3.9554505703143272,3.057950505039853,3
3.9377931498485395,3.093164356891676,3
4.0081611306796985,3.013989520724925,3
3.9954448113302785,2.9825341474570544,3
4.017066310224335,3.003154776562271,3
3.954592485961569,3.0198081314285656,3
3.96772306556778,3.0327052839348387,3
4.119203183599912,2.989702282328829,3
4.066920026074618,3.0380758250161706,3
4.034292268648742,3.0238383146471643,3
3.8873675724868204,3.0805597613641935,3
4.0249396289136605,2.954475435559259,3
4.019009153424729,2.978585940338092,3
4.006659185277888,3.048061705004198,3
3.931132082255022,3.0330891636129387,3
4.034454433457831,3.0053479265007748,3
4.013528318244941,2.95166369184747,3
3.998608286581015,3.033946710554741,3
3.981883359212014,3.0047235294795507,3
4.028840156310553,2.948130640710182,3
3.8995251630021843,2.907309829783623,3
4.078580483321543,3.0568819943231125,3
3.967324146028381,2.9979923110310103,3
4.037043828258878,3.000947764687801,3
4.029755049356201,2.9914368853763706,3
3.9788496493665733,3.0891959216652287,3
3.9542922448014317,3.078333975548943,3
4.034120376550113,3.078952034974811,3
3.96847840175012,2.915837851850747,3
3.9957157894717024,3.0026062249384107,3
4.033930687842944,3.0066603869209327,3
3.934073191969722,2.999959698498938,3
3.9883672273341966,2.988605496029459,3
3.983397859262781,3.081386235763026,3
4.023677645072463,2.9066689678451696,3
4.0283172566233025,3.0646435294921286,3
3.963872408039138,2.9839304038327934,3
4.029624179844787,3.0127024555092112,3
3.9886041458445196,2.984804735032574,3
4.014260363420731,2.9483144658782177,3
3.9566566481168453,3.0302395529308632,3
4.1156073140825455,2.9727755778709284,3
3.9530731164062174,3.0740605114397774,3
3.8986943709300723,2.9237967820053044,3
3.8640454007599523,3.0142023853453135,3
3.944735168860249,2.9901707628633285,3
4.049778456910801,3.052239073725991,3
3.944213217863572,3.1222006692856863,3
4.049288402384373,2.919018111296511,3
4.065915354641961,3.0071173508120563,3
4.026784210367239,3.0572107722728683,3
3.9981227792529164,3.029422106253272,3
4.05263466473843,3.0476436356006653,3
3.904928849559528,3.0065872294514757,3
4.063012600913032,2.9950377746599264,3
3.977931660370523,3.0379080452969465,3
3.895503182264451,2.933301938352544,3
4.00300714781515,3.0191958891455863,3
3.919437169829052,3.0793609485942124,3
3.9700133944390683,3.0321640201545836,3
3.939049504633526,3.004756442969541,3
4.002537596588546,3.04905334798463,3
3.969387716412684,2.99614138182977,3
3.998070594521694,3.0207064266187276,3
